Workbook

Sheet 📊 Dashboard
A1: EXECAIR | Monthly Enquiry Dashboard | April 2026
A2: Live dashboard — updates automatically as daily tabs are filled in
B4: TOTAL ENQUIRIES | D4: WARM LEADS | F4: CONFIRMED | H4: ON HOLD | J4: NO ANSWER
B5: =COUNTA('01042026'!B6:B47)+COUNTA('02042026'!B6:B47)+COUNTA(#REF!)+COUNTA(#REF!)+COUNTA('07042026'!B6:B47)+COUNTA('08042026'!B6:B47)+COUNTA('09042026'!B6:B47)+COUNTA('10042026'!B6:B47)+COUNTA('13042026'!B6:B47)+COUNTA('14042026'!B6:B47)+COUNTA('15042026'!B6:B47)+COUNTA('16042026'!B6:B47)+COUNTA('17042026'!B6:B47)+COUNTA('20042026'!B6:B47)+COUNTA('21042026'!B6:B47)+COUNTA('22042026'!B6:B47)+COUNTA('23042026'!B6:B47)+COUNTA('24042026'!B6:B47)+COUNTA('27042026'!B6:B47)+COUNTA('28042026'!B6:B47)+COUNTA('29042026'!B6:B47)+COUNTA('30042026'!B6:B47) -> 47 | D5: =COUNTIF('01042026'!J6:J47,"Warm Lead")+COUNTIF('02042026'!J6:J47,"Warm Lead")+COUNTIF(#REF!,"Warm Lead")+COUNTIF(#REF!,"Warm Lead")+COUNTIF('07042026'!J6:J47,"Warm Lead")+COUNTIF('08042026'!J6:J47,"Warm Lead")+COUNTIF('09042026'!J6:J47,"Warm Lead")+COUNTIF('10042026'!J6:J47,"Warm Lead")+COUNTIF('13042026'!J6:J47,"Warm Lead")+COUNTIF('14042026'!J6:J47,"Warm Lead")+COUNTIF('15042026'!J6:J47,"Warm Lead")+COUNTIF('16042026'!J6:J47,"Warm Lead")+COUNTIF('17042026'!J6:J47,"Warm Lead")+COUNTIF('20042026'!J6:J47,"Warm Lead")+COUNTIF('21042026'!J6:J47,"Warm Lead")+COUNTIF('22042026'!J6:J47,"Warm Lead")+COUNTIF('23042026'!J6:J47,"Warm Lead")+COUNTIF('24042026'!J6:J47,"Warm Lead")+COUNTIF('27042026'!J6:J47,"Warm Lead")+COUNTIF('28042026'!J6:J47,"Warm Lead")+COUNTIF('29042026'!J6:J47,"Warm Lead")+COUNTIF('30042026'!J6:J47,"Warm Lead") -> #REF! | F5: =COUNTIF('01042026'!J6:J47,"Confirmed")+COUNTIF('02042026'!J6:J47,"Confirmed")+COUNTIF(#REF!,"Confirmed")+COUNTIF(#REF!,"Confirmed")+COUNTIF('07042026'!J6:J47,"Confirmed")+COUNTIF('08042026'!J6:J47,"Confirmed")+COUNTIF('09042026'!J6:J47,"Confirmed")+COUNTIF('10042026'!J6:J47,"Confirmed")+COUNTIF('13042026'!J6:J47,"Confirmed")+COUNTIF('14042026'!J6:J47,"Confirmed")+COUNTIF('15042026'!J6:J47,"Confirmed")+COUNTIF('16042026'!J6:J47,"Confirmed")+COUNTIF('17042026'!J6:J47,"Confirmed")+COUNTIF('20042026'!J6:J47,"Confirmed")+COUNTIF('21042026'!J6:J47,"Confirmed")+COUNTIF('22042026'!J6:J47,"Confirmed")+COUNTIF('23042026'!J6:J47,"Confirmed")+COUNTIF('24042026'!J6:J47,"Confirmed")+COUNTIF('27042026'!J6:J47,"Confirmed")+COUNTIF('28042026'!J6:J47,"Confirmed")+COUNTIF('29042026'!J6:J47,"Confirmed")+COUNTIF('30042026'!J6:J47,"Confirmed") -> #REF! | H5: =COUNTIF('01042026'!J6:J47,"On Hold")+COUNTIF('02042026'!J6:J47,"On Hold")+COUNTIF(#REF!,"On Hold")+COUNTIF(#REF!,"On Hold")+COUNTIF('07042026'!J6:J47,"On Hold")+COUNTIF('08042026'!J6:J47,"On Hold")+COUNTIF('09042026'!J6:J47,"On Hold")+COUNTIF('10042026'!J6:J47,"On Hold")+COUNTIF('13042026'!J6:J47,"On Hold")+COUNTIF('14042026'!J6:J47,"On Hold")+COUNTIF('15042026'!J6:J47,"On Hold")+COUNTIF('16042026'!J6:J47,"On Hold")+COUNTIF('17042026'!J6:J47,"On Hold")+COUNTIF('20042026'!J6:J47,"On Hold")+COUNTIF('21042026'!J6:J47,"On Hold")+COUNTIF('22042026'!J6:J47,"On Hold")+COUNTIF('23042026'!J6:J47,"On Hold")+COUNTIF('24042026'!J6:J47,"On Hold")+COUNTIF('27042026'!J6:J47,"On Hold")+COUNTIF('28042026'!J6:J47,"On Hold")+COUNTIF('29042026'!J6:J47,"On Hold")+COUNTIF('30042026'!J6:J47,"On Hold") -> #REF! | J5: =COUNTIF('01042026'!J6:J47,"No Answer")+COUNTIF('02042026'!J6:J47,"No Answer")+COUNTIF(#REF!,"No Answer")+COUNTIF(#REF!,"No Answer")+COUNTIF('07042026'!J6:J47,"No Answer")+COUNTIF('08042026'!J6:J47,"No Answer")+COUNTIF('09042026'!J6:J47,"No Answer")+COUNTIF('10042026'!J6:J47,"No Answer")+COUNTIF('13042026'!J6:J47,"No Answer")+COUNTIF('14042026'!J6:J47,"No Answer")+COUNTIF('15042026'!J6:J47,"No Answer")+COUNTIF('16042026'!J6:J47,"No Answer")+COUNTIF('17042026'!J6:J47,"No Answer")+COUNTIF('20042026'!J6:J47,"No Answer")+COUNTIF('21042026'!J6:J47,"No Answer")+COUNTIF('22042026'!J6:J47,"No Answer")+COUNTIF('23042026'!J6:J47,"No Answer")+COUNTIF('24042026'!J6:J47,"No Answer")+COUNTIF('27042026'!J6:J47,"No Answer")+COUNTIF('28042026'!J6:J47,"No Answer")+COUNTIF('29042026'!J6:J47,"No Answer")+COUNTIF('30042026'!J6:J47,"No Answer") -> #REF!
B7: Date | C7: Day | D7: Total | E7: Warm Leads | F7: Confirmed | G7: On Hold | H7: No Answer | I7: New Enq | J7: High Pri | K7: Quote (R)
B8: 46113 | C8: Wednesday | D8: =COUNTA('01042026'!B6:B47) -> 6 | E8: =COUNTIF('01042026'!J6:J47,"Warm Lead") -> 5 | F8: =COUNTIF('01042026'!J6:J47,"Confirmed") -> 0 | G8: =COUNTIF('01042026'!J6:J47,"On Hold") -> 1 | H8: =COUNTIF('01042026'!J6:J47,"No Answer") -> 0 | I8: =COUNTIF('01042026'!J6:J47,"New Enquiry") -> 0 | J8: =COUNTIF('01042026'!K6:K47,"High") -> 4 | K8: =SUM('01042026'!L6:L47) -> 0
B9: 46114 | C9: Thursday | D9: =COUNTA('02042026'!B6:B47) -> 3 | E9: =COUNTIF('02042026'!J6:J47,"Warm Lead") -> 2 | F9: =COUNTIF('02042026'!J6:J47,"Confirmed") -> 0 | G9: =COUNTIF('02042026'!J6:J47,"On Hold") -> 1 | H9: =COUNTIF('02042026'!J6:J47,"No Answer") -> 0 | I9: =COUNTIF('02042026'!J6:J47,"New Enquiry") -> 0 | J9: =COUNTIF('02042026'!K6:K47,"High") -> 2 | K9: =SUM('02042026'!L6:L47) -> 0
B10: 46115 | C10: Friday | D10: =COUNTA(#REF!) -> 1 | E10: =COUNTIF(#REF!,"Warm Lead") -> #REF! | F10: =COUNTIF(#REF!,"Confirmed") -> #REF! | G10: =COUNTIF(#REF!,"On Hold") -> #REF! | H10: =COUNTIF(#REF!,"No Answer") -> #REF! | I10: =COUNTIF(#REF!,"New Enquiry") -> #REF! | J10: =COUNTIF(#REF!,"High") -> #REF! | K10: =SUM(#REF!) -> #REF!
B11: 46118 | C11: Monday | D11: =COUNTA(#REF!) -> 1 | E11: =COUNTIF(#REF!,"Warm Lead") -> #REF! | F11: =COUNTIF(#REF!,"Confirmed") -> #REF! | G11: =COUNTIF(#REF!,"On Hold") -> #REF! | H11: =COUNTIF(#REF!,"No Answer") -> #REF! | I11: =COUNTIF(#REF!,"New Enquiry") -> #REF! | J11: =COUNTIF(#REF!,"High") -> #REF! | K11: =SUM(#REF!) -> #REF!
B12: 46119 | C12: Tuesday | D12: =COUNTA('07042026'!B6:B47) -> 5 | E12: =COUNTIF('07042026'!J6:J47,"Warm Lead") -> 0 | F12: =COUNTIF('07042026'!J6:J47,"Confirmed") -> 0 | G12: =COUNTIF('07042026'!J6:J47,"On Hold") -> 0 | H12: =COUNTIF('07042026'!J6:J47,"No Answer") -> 4 | I12: =COUNTIF('07042026'!J6:J47,"New Enquiry") -> 1 | J12: =COUNTIF('07042026'!K6:K47,"High") -> 5 | K12: =SUM('07042026'!L6:L47) -> 0
B13: 46120 | C13: Wednesday | D13: =COUNTA('08042026'!B6:B47) -> 7 | E13: =COUNTIF('08042026'!J6:J47,"Warm Lead") -> 7 | F13: =COUNTIF('08042026'!J6:J47,"Confirmed") -> 0 | G13: =COUNTIF('08042026'!J6:J47,"On Hold") -> 0 | H13: =COUNTIF('08042026'!J6:J47,"No Answer") -> 0 | I13: =COUNTIF('08042026'!J6:J47,"New Enquiry") -> 0 | J13: =COUNTIF('08042026'!K6:K47,"High") -> 7 | K13: =SUM('08042026'!L6:L47) -> 0
B14: 46121 | C14: Thursday | D14: =COUNTA('09042026'!B6:B47) -> 5 | E14: =COUNTIF('09042026'!J6:J47,"Warm Lead") -> 4 | F14: =COUNTIF('09042026'!J6:J47,"Confirmed") -> 0 | G14: =COUNTIF('09042026'!J6:J47,"On Hold") -> 0 | H14: =COUNTIF('09042026'!J6:J47,"No Answer") -> 1 | I14: =COUNTIF('09042026'!J6:J47,"New Enquiry") -> 0 | J14: =COUNTIF('09042026'!K6:K47,"High") -> 5 | K14: =SUM('09042026'!L6:L47) -> 0
B15: 46122 | C15: Friday | D15: =COUNTA('10042026'!B6:B47) -> 2 | E15: =COUNTIF('10042026'!J6:J47,"Warm Lead") -> 1 | F15: =COUNTIF('10042026'!J6:J47,"Confirmed") -> 0 | G15: =COUNTIF('10042026'!J6:J47,"On Hold") -> 0 | H15: =COUNTIF('10042026'!J6:J47,"No Answer") -> 0 | I15: =COUNTIF('10042026'!J6:J47,"New Enquiry") -> 0 | J15: =COUNTIF('10042026'!K6:K47,"High") -> 1 | K15: =SUM('10042026'!L6:L47) -> 0
B16: 46125 | C16: Monday | D16: =COUNTA('13042026'!B6:B47) -> 0 | E16: =COUNTIF('13042026'!J6:J47,"Warm Lead") -> 0 | F16: =COUNTIF('13042026'!J6:J47,"Confirmed") -> 0 | G16: =COUNTIF('13042026'!J6:J47,"On Hold") -> 0 | H16: =COUNTIF('13042026'!J6:J47,"No Answer") -> 0 | I16: =COUNTIF('13042026'!J6:J47,"New Enquiry") -> 0 | J16: =COUNTIF('13042026'!K6:K47,"High") -> 0 | K16: =SUM('13042026'!L6:L47) -> 0
B17: 46126 | C17: Tuesday | D17: =COUNTA('14042026'!B6:B47) -> 7 | E17: =COUNTIF('14042026'!J6:J47,"Warm Lead") -> 7 | F17: =COUNTIF('14042026'!J6:J47,"Confirmed") -> 0 | G17: =COUNTIF('14042026'!J6:J47,"On Hold") -> 0 | H17: =COUNTIF('14042026'!J6:J47,"No Answer") -> 0 | I17: =COUNTIF('14042026'!J6:J47,"New Enquiry") -> 0 | J17: =COUNTIF('14042026'!K6:K47,"High") -> 7 | K17: =SUM('14042026'!L6:L47) -> 0
B18: 46127 | C18: Wednesday | D18: =COUNTA('15042026'!B6:B47) -> 0 | E18: =COUNTIF('15042026'!J6:J47,"Warm Lead") -> 0 | F18: =COUNTIF('15042026'!J6:J47,"Confirmed") -> 0 | G18: =COUNTIF('15042026'!J6:J47,"On Hold") -> 0 | H18: =COUNTIF('15042026'!J6:J47,"No Answer") -> 0 | I18: =COUNTIF('15042026'!J6:J47,"New Enquiry") -> 0 | J18: =COUNTIF('15042026'!K6:K47,"High") -> 0 | K18: =SUM('15042026'!L6:L47) -> 0
B19: 46128 | C19: Thursday | D19: =COUNTA('16042026'!B6:B47) -> 0 | E19: =COUNTIF('16042026'!J6:J47,"Warm Lead") -> 0 | F19: =COUNTIF('16042026'!J6:J47,"Confirmed") -> 0 | G19: =COUNTIF('16042026'!J6:J47,"On Hold") -> 0 | H19: =COUNTIF('16042026'!J6:J47,"No Answer") -> 0 | I19: =COUNTIF('16042026'!J6:J47,"New Enquiry") -> 0 | J19: =COUNTIF('16042026'!K6:K47,"High") -> 0 | K19: =SUM('16042026'!L6:L47) -> 0
B20: 46129 | C20: Friday | D20: =COUNTA('17042026'!B6:B47) -> 0 | E20: =COUNTIF('17042026'!J6:J47,"Warm Lead") -> 0 | F20: =COUNTIF('17042026'!J6:J47,"Confirmed") -> 0 | G20: =COUNTIF('17042026'!J6:J47,"On Hold") -> 0 | H20: =COUNTIF('17042026'!J6:J47,"No Answer") -> 0 | I20: =COUNTIF('17042026'!J6:J47,"New Enquiry") -> 0 | J20: =COUNTIF('17042026'!K6:K47,"High") -> 0 | K20: =SUM('17042026'!L6:L47) -> 0
B21: 46132 | C21: Monday | D21: =COUNTA('20042026'!B6:B47) -> 1 | E21: =COUNTIF('20042026'!J6:J47,"Warm Lead") -> 0 | F21: =COUNTIF('20042026'!J6:J47,"Confirmed") -> 0 | G21: =COUNTIF('20042026'!J6:J47,"On Hold") -> 1 | H21: =COUNTIF('20042026'!J6:J47,"No Answer") -> 0 | I21: =COUNTIF('20042026'!J6:J47,"New Enquiry") -> 0 | J21: =COUNTIF('20042026'!K6:K47,"High") -> 0 | K21: =SUM('20042026'!L6:L47) -> 0
B22: 46133 | C22: Tuesday | D22: =COUNTA('21042026'!B6:B47) -> 2 | E22: =COUNTIF('21042026'!J6:J47,"Warm Lead") -> 2 | F22: =COUNTIF('21042026'!J6:J47,"Confirmed") -> 0 | G22: =COUNTIF('21042026'!J6:J47,"On Hold") -> 0 | H22: =COUNTIF('21042026'!J6:J47,"No Answer") -> 0 | I22: =COUNTIF('21042026'!J6:J47,"New Enquiry") -> 0 | J22: =COUNTIF('21042026'!K6:K47,"High") -> 2 | K22: =SUM('21042026'!L6:L47) -> 0
B23: 46134 | C23: Wednesday | D23: =COUNTA('22042026'!B6:B47) -> 3 | E23: =COUNTIF('22042026'!J6:J47,"Warm Lead") -> 0 | F23: =COUNTIF('22042026'!J6:J47,"Confirmed") -> 0 | G23: =COUNTIF('22042026'!J6:J47,"On Hold") -> 0 | H23: =COUNTIF('22042026'!J6:J47,"No Answer") -> 0 | I23: =COUNTIF('22042026'!J6:J47,"New Enquiry") -> 0 | J23: =COUNTIF('22042026'!K6:K47,"High") -> 0 | K23: =SUM('22042026'!L6:L47) -> 0
B24: 46135 | C24: Thursday | D24: =COUNTA('23042026'!B6:B47) -> 4 | E24: =COUNTIF('23042026'!J6:J47,"Warm Lead") -> 3 | F24: =COUNTIF('23042026'!J6:J47,"Confirmed") -> 0 | G24: =COUNTIF('23042026'!J6:J47,"On Hold") -> 0 | H24: =COUNTIF('23042026'!J6:J47,"No Answer") -> 1 | I24: =COUNTIF('23042026'!J6:J47,"New Enquiry") -> 0 | J24: =COUNTIF('23042026'!K6:K47,"High") -> 4 | K24: =SUM('23042026'!L6:L47) -> 0
B25: 46136 | C25: Friday | D25: =COUNTA('24042026'!B6:B47) -> 0 | E25: =COUNTIF('24042026'!J6:J47,"Warm Lead") -> 0 | F25: =COUNTIF('24042026'!J6:J47,"Confirmed") -> 0 | G25: =COUNTIF('24042026'!J6:J47,"On Hold") -> 0 | H25: =COUNTIF('24042026'!J6:J47,"No Answer") -> 0 | I25: =COUNTIF('24042026'!J6:J47,"New Enquiry") -> 0 | J25: =COUNTIF('24042026'!K6:K47,"High") -> 0 | K25: =SUM('24042026'!L6:L47) -> 0
B26: 46139 | C26: Monday | D26: =COUNTA('27042026'!B6:B47) -> 0 | E26: =COUNTIF('27042026'!J6:J47,"Warm Lead") -> 0 | F26: =COUNTIF('27042026'!J6:J47,"Confirmed") -> 0 | G26: =COUNTIF('27042026'!J6:J47,"On Hold") -> 0 | H26: =COUNTIF('27042026'!J6:J47,"No Answer") -> 0 | I26: =COUNTIF('27042026'!J6:J47,"New Enquiry") -> 0 | J26: =COUNTIF('27042026'!K6:K47,"High") -> 0 | K26: =SUM('27042026'!L6:L47) -> 0
B27: 46140 | C27: Tuesday | D27: =COUNTA('28042026'!B6:B47) -> 0 | E27: =COUNTIF('28042026'!J6:J47,"Warm Lead") -> 0 | F27: =COUNTIF('28042026'!J6:J47,"Confirmed") -> 0 | G27: =COUNTIF('28042026'!J6:J47,"On Hold") -> 0 | H27: =COUNTIF('28042026'!J6:J47,"No Answer") -> 0 | I27: =COUNTIF('28042026'!J6:J47,"New Enquiry") -> 0 | J27: =COUNTIF('28042026'!K6:K47,"High") -> 0 | K27: =SUM('28042026'!L6:L47) -> 0
B28: 46141 | C28: Wednesday | D28: =COUNTA('29042026'!B6:B47) -> 0 | E28: =COUNTIF('29042026'!J6:J47,"Warm Lead") -> 0 | F28: =COUNTIF('29042026'!J6:J47,"Confirmed") -> 0 | G28: =COUNTIF('29042026'!J6:J47,"On Hold") -> 0 | H28: =COUNTIF('29042026'!J6:J47,"No Answer") -> 0 | I28: =COUNTIF('29042026'!J6:J47,"New Enquiry") -> 0 | J28: =COUNTIF('29042026'!K6:K47,"High") -> 0 | K28: =SUM('29042026'!L6:L47) -> 0
B29: 46142 | C29: Thursday | D29: =COUNTA('30042026'!B6:B47) -> 0 | E29: =COUNTIF('30042026'!J6:J47,"Warm Lead") -> 0 | F29: =COUNTIF('30042026'!J6:J47,"Confirmed") -> 0 | G29: =COUNTIF('30042026'!J6:J47,"On Hold") -> 0 | H29: =COUNTIF('30042026'!J6:J47,"No Answer") -> 0 | I29: =COUNTIF('30042026'!J6:J47,"New Enquiry") -> 0 | J29: =COUNTIF('30042026'!K6:K47,"High") -> 0 | K29: =SUM('30042026'!L6:L47) -> 0
B30: MONTHLY TOTALS | D30: =SUM(D8:D29) -> 47 | E30: =SUM(E8:E29) -> #REF! | F30: =SUM(F8:F29) -> #REF! | G30: =SUM(G8:G29) -> #REF! | H30: =SUM(H8:H29) -> #REF! | I30: =SUM(I8:I29) -> #REF! | J30: =SUM(J8:J29) -> #REF! | K30: =SUM(K8:K29) -> #REF!
A31: EXECAIR (Pty) Ltd | Monthly Enquiry Dashboard | Confidential

Sheet 01042026
A1: EXECAIR | Daily Enquiries & Follow-Up Tracker | April 2026
A2: 📅 Wednesday, 01 April 2026 | Use column filters ▼ to sort by status, area or type | L2: Tab: 01042026
A3: 🟢 Confirmed | D3: 🟡 Warm Lead | G3: 🔴 On Hold | J3: ⚫ No Answer | M3: 🔵 New Enquiry
A5: # | B5: Customer Name | C5: Area | D5: Type of Work | E5: How Found Us | F5: Enquiry Type | G5: Last Contact Date | H5: Next Follow-Up | I5: Days | J5: Contact Status | K5: Priority | L5: Quote (R) | M5: Quote Sent? | N5: Notes / Action Required
A6: 1 | B6: Annemarie Boshoff | C6: Noordheuwel | D6: Servicing Due | E6: Old Client | G6: 46113 | H6: 46174 | I6: =IF(H6="","–",H6-TODAY()) -> 38 | J6: Warm Lead | K6: High | M6: Yes | N6: Said it is too early for service , follow up 1
A7: 2 | B7: Tanya Collins | C7: Morningside , Sandton | D7: Servicing Due | E7: Old Client | G7: 46113 | H7: 46203 | I7: =IF(H7="","–",H7-TODAY()) -> 67 | J7: Warm Lead | K7: Low | M7: Yes | N7: Not going ahead , Follow Up in 3 months
A8: 3 | B8: Busiswe Mazibuko | C8: Honeydew | D8: Servicing Due | E8: Old Client | G8: 46113 | I8: =IF(H8="","–",H8-TODAY()) -> – | J8: Warm Lead | K8: High | M8: Yes | N8: Awaiting Feedback from client , they will check quote
A9: 4 | B9: Unihigh (Pty) Ltd | C9: Kenmare | D9: Servicing Due | E9: Old Client | G9: 46113 | I9: =IF(H9="","–",H9-TODAY()) -> – | J9: Warm Lead | K9: High | M9: Yes | N9: Awaiting Feedback from client , they will check quote
A10: 5 | B10: Marca Da Cerca | C10: Ruimsig | D10: Servicing Due | E10: Old Client | G10: 46113 | H10: 46143 | I10: =IF(H10="","–",H10-TODAY()) -> 7 | J10: On Hold | K10: Medium | M10: Yes | N10: Client is away says he will be back in a month
A11: 6 | B11: Marlene Swanepoel | C11: Rand en Dal | D11: Servicing Due | E11: Old Client | G11: 46113 | H11: 46125 | I11: =IF(H11="","–",H11-TODAY()) -> -11 | J11: Warm Lead | K11: High | M11: Yes | N11: Client is away says he will be back in a month
A12: 7 | I12: =IF(H12="","–",H12-TODAY()) -> –
A13: 8 | I13: =IF(H13="","–",H13-TODAY()) -> –
A14: 9 | I14: =IF(H14="","–",H14-TODAY()) -> –
A15: 10 | I15: =IF(H15="","–",H15-TODAY()) -> –
A16: 11 | I16: =IF(H16="","–",H16-TODAY()) -> –
A17: 12 | I17: =IF(H17="","–",H17-TODAY()) -> –
A18: 13 | I18: =IF(H18="","–",H18-TODAY()) -> –
A19: 14 | I19: =IF(H19="","–",H19-TODAY()) -> –
A20: 15 | I20: =IF(H20="","–",H20-TODAY()) -> –
A21: 16 | I21: =IF(H21="","–",H21-TODAY()) -> –
A22: 17 | I22: =IF(H22="","–",H22-TODAY()) -> –
A23: 18 | I23: =IF(H23="","–",H23-TODAY()) -> –
... A47: 42 | I47: =IF(H47="","–",H47-TODAY()) -> –
A48: EXECAIR (Pty) Ltd | Daily Enquiries & Follow-Up Tracker | April 2026 | Confidential

Sheet 02042026
A1: EXECAIR | Daily Enquiries & Follow-Up Tracker | April 2026
A2: 📅 Thursday, 02 April 2026 | Use column filters ▼ to sort by status, area or type | L2: Tab: 02042026
A3: 🟢 Confirmed | D3: 🟡 Warm Lead | G3: 🔴 On Hold | J3: ⚫ No Answer | M3: 🔵 New Enquiry
A5: # | B5: Customer Name | C5: Area | D5: Type of Work | E5: How Found Us | F5: Enquiry Type | G5: Last Contact Date | H5: Next Follow-Up | I5: Days | J5: Contact Status | K5: Priority | L5: Quote (R) | M5: Quote Sent? | N5: Notes / Action Required
A6: 1 | B6: Monument Dental | C6: Monument | D6: Service Due/Repairs | E6: Old Client | G6: 46114 | H6: 46125 | I6: =IF(H6="","–",H6-TODAY()) -> -11 | J6: Warm Lead | K6: High | N6: Call @ 11:00 Client moved premises , bought new AC's somewhere else as our pricing was too high , still want us to maintain the AC's on new premises , Call to follow up 10/04/2026
A7: 2 | B7: Mechano Electric | C7: Rustenburg | D7: Maintain AC | E7: Old Client | G7: 46114 | H7: 46119 | I7: =IF(H7="","–",H7-TODAY()) -> -17 | J7: Warm Lead | K7: High | N7: We have sent a quote for service on his existing 30000 Btu with 2 isolators
A8: 3 | B8: Simone Forshaw | C8: Sandton | E8: Old Client | G8: 46114 | I8: =IF(H8="","–",H8-TODAY()) -> – | J8: On Hold | K8: Low | N8: Awaiting Next Service Due Date , not interested now
A9: 4 | I9: =IF(H9="","–",H9-TODAY()) -> –
A10: 5 | I10: =IF(H10="","–",H10-TODAY()) -> –
A11: 6 | I11: =IF(H11="","–",H11-TODAY()) -> –
A12: 7 | I12: =IF(H12="","–",H12-TODAY()) -> –
A13: 8 | I13: =IF(H13="","–",H13-TODAY()) -> –
A14: 9 | I14: =IF(H14="","–",H14-TODAY()) -> –
A15: 10 | I15: =IF(H15="","–",H15-TODAY()) -> –
A16: 11 | I16: =IF(H16="","–",H16-TODAY()) -> –
A17: 12 | I17: =IF(H17="","–",H17-TODAY()) -> –
A18: 13 | I18: =IF(H18="","–",H18-TODAY()) -> –
A19: 14 | I19: =IF(H19="","–",H19-TODAY()) -> –
A20: 15 | I20: =IF(H20="","–",H20-TODAY()) -> –
... A47: 42 | I47: =IF(H47="","–",H47-TODAY()) -> –
A48: EXECAIR (Pty) Ltd | Daily Enquiries & Follow-Up Tracker | April 2026 | Confidential

Sheet 07042026
A1: EXECAIR | Daily Enquiries & Follow-Up Tracker | April 2026
A2: 📅 Tuesday, 07 April 2026 | Use column filters ▼ to sort by status, area or type | L2: Tab: 07042026
A3: 🟢 Confirmed | D3: 🟡 Warm Lead | G3: 🔴 On Hold | J3: ⚫ No Answer | M3: 🔵 New Enquiry
A5: # | B5: Customer Name | C5: Area | D5: Type of Work | E5: How Found Us | F5: Enquiry Type | G5: Last Contact Date | H5: Next Follow-Up | I5: Days | J5: Contact Status | K5: Priority | L5: Quote (R) | M5: Quote Sent? | N5: Notes / Action Required
A6: 1 | B6: Rona Hogins | C6: Featherbrook Estate | D6: Servicing | E6: Old Client | G6: 46119 | I6: =IF(H6="","–",H6-TODAY()) -> – | J6: No Answer | K6: High | N6: I have sent a whatsapp and follow up emails
A7: 2 | B7: Gillian Steyn | C7: Randburg | D7: Servicing | E7: Old Client | G7: 46119 | I7: =IF(H7="","–",H7-TODAY()) -> – | J7: No Answer | K7: High | N7: I have sent a whatsapp and follow up emails
A8: 3 | B8: Wiehan Botes | C8: Krugersdorp | D8: Servicing | E8: Old Client | G8: 46119 | I8: =IF(H8="","–",H8-TODAY()) -> – | J8: No Answer | K8: High | N8: I have sent a whatsapp and follow up emails
A9: 4 | B9: Jayesh Ghella | C9: Randpark Ridge | D9: Servicing | E9: Old Client | G9: 46119 | I9: =IF(H9="","–",H9-TODAY()) -> – | J9: No Answer | K9: High | N9: Not interested at this time
A10: 5 | B10: NMSA Roshin Maharaj | C10: PMB , KZN | D10: Quote | E10: New Client | G10: 46119 | H10: 46122 | I10: =IF(H10="","–",H10-TODAY()) -> -14 | J10: New Enquiry | K10: High | N10: Saw our units on Display , want to enquire about purchase or rental
A11: 6 | I11: =IF(H11="","–",H11-TODAY()) -> –
A12: 7 | I12: =IF(H12="","–",H12-TODAY()) -> –
A13: 8 | I13: =IF(H13="","–",H13-TODAY()) -> –
A14: 9 | I14: =IF(H14="","–",H14-TODAY()) -> –
A15: 10 | I15: =IF(H15="","–",H15-TODAY()) -> –
A16: 11 | I16: =IF(H16="","–",H16-TODAY()) -> –
A17: 12 | I17: =IF(H17="","–",H17-TODAY()) -> –
A18: 13 | I18: =IF(H18="","–",H18-TODAY()) -> –
A19: 14 | I19: =IF(H19="","–",H19-TODAY()) -> –
A20: 15 | I20: =IF(H20="","–",H20-TODAY()) -> –
A21: 16 | I21: =IF(H21="","–",H21-TODAY()) -> –
A22: 17 | I22: =IF(H22="","–",H22-TODAY()) -> –
... A47: 42 | I47: =IF(H47="","–",H47-TODAY()) -> –
A48: EXECAIR (Pty) Ltd | Daily Enquiries & Follow-Up Tracker | April 2026 | Confidential

Sheet 08042026
A1: EXECAIR | Daily Enquiries & Follow-Up Tracker | April 2026
A2: 📅 Wednesday, 08 April 2026 | Use column filters ▼ to sort by status, area or type | L2: Tab: 08042026
A3: 🟢 Confirmed | D3: 🟡 Warm Lead | G3: 🔴 On Hold | J3: ⚫ No Answer | M3: 🔵 New Enquiry
A5: # | B5: Customer Name | C5: Area | D5: Type of Work | E5: How Found Us | F5: Enquiry Type | G5: Last Contact Date | H5: Next Follow-Up | I5: Days | J5: Contact Status | K5: Priority | L5: Quote (R) | M5: Quote Sent? | N5: Notes / Action Required
A6: 1 | B6: Unihigh (Pty) Ltd | C6: Kenmare | D6: Servicing Due | E6: Old Client | G6: 46120 | I6: – | J6: Warm Lead | K6: High | M6: Yes | N6: Awaiting Feedback from client , they will check quote
A7: 2 | B7: Ailsa Holtzhausen | C7: Featherbrook | D7: Servicing Due | E7: Old Client | F7: Phone Call | G7: 46120 | H7: 46122 | I7: =IF(H7="","–",H7-TODAY()) -> -14 | J7: Warm Lead | K7: High | M7: Yes | N7: Awaiting POP from client for booking for 10/04/2026
A8: 3 | B8: Magotteaux (Pty) Ltd | C8: Gemiston | D8: Servicing Due | E8: Old Client | F8: Phone Call | G8: 46120 | H8: 46121 | I8: =IF(H8="","–",H8-TODAY()) -> -15 | J8: Warm Lead | K8: High | M8: Yes | N8: Client wanted us to increase quantity and decrease price , they are comparing with another company , I sent them a email of service Desprition to give them more confidence in choosing us.
A9: 4 | B9: NMSA Roshin | C9: PMB , KZN | D9: New Client Evap Portable | F9: Phone Call | G9: 46120 | H9: 46121 | I9: =IF(H9="","–",H9-TODAY()) -> -15 | J9: Warm Lead | K9: High | M9: Yes | N9: Sent specs on Portable Evaps and Updated quote on supply and Rental
A10: 5 | B10: Xolani | C10: Krugersdorp | D10: Walk in/Call in | E10: New Client | F10: Phone Call/Walk In | G10: 46120 | H10: 46121 | I10: =IF(H10="","–",H10-TODAY()) -> -15 | J10: Warm Lead | K10: High | M10: Yes | N10: Called in and then stopped at our gate as they wanted to come in and purchase piping and cable , we told them we do not keep on premises and that we need to quote them 1st we then sent them a quote
A11: 6 | B11: Annemarie Boshoff-Bouwer | C11: Noordheuwel | D11: Servicing Due | E11: Old Client | G11: 46120 | H11: 46174 | I11: =IF(H11="","–",H11-TODAY()) -> 38 | J11: Warm Lead | K11: High | M11: Yes | N11: Client did service recently with repair January , asked to call again in June for next service
A12: 7 | B12: Deon Visser | C12: Randpark Ridge | D12: Servicing Due | E12: Old Client | F12: Service Due | G12: 46120 | I12: =IF(H12="","–",H12-TODAY()) -> – | J12: Warm Lead | K12: High | M12: Yes | N12: No Answer
A13: 8 | I13: =IF(H13="","–",H13-TODAY()) -> –
A14: 9 | I14: =IF(H14="","–",H14-TODAY()) -> –
A15: 10 | I15: =IF(H15="","–",H15-TODAY()) -> –
A16: 11 | I16: =IF(H16="","–",H16-TODAY()) -> –
A17: 12 | I17: =IF(H17="","–",H17-TODAY()) -> –
A18: 13 | I18: =IF(H18="","–",H18-TODAY()) -> –
A19: 14 | I19: =IF(H19="","–",H19-TODAY()) -> –
A20: 15 | I20: =IF(H20="","–",H20-TODAY()) -> –
A21: 16 | I21: =IF(H21="","–",H21-TODAY()) -> –
A22: 17 | I22: =IF(H22="","–",H22-TODAY()) -> –
A23: 18 | I23: =IF(H23="","–",H23-TODAY()) -> –
A24: 19 | I24: =IF(H24="","–",H24-TODAY()) -> –
... A47: 42 | I47: =IF(H47="","–",H47-TODAY()) -> –
A48: EXECAIR (Pty) Ltd | Daily Enquiries & Follow-Up Tracker | April 2026 | Confidential

Sheet 09042026
A1: EXECAIR | Daily Enquiries & Follow-Up Tracker | April 2026
A2: 📅 Thursday, 09 April 2026 | Use column filters ▼ to sort by status, area or type | L2: Tab: 09042026
A3: 🟢 Confirmed | D3: 🟡 Warm Lead | G3: 🔴 On Hold | J3: ⚫ No Answer | M3: 🔵 New Enquiry
A5: # | B5: Customer Name | C5: Area | D5: Type of Work | E5: How Found Us | F5: Enquiry Type | G5: Last Contact Date | H5: Next Follow-Up | I5: Days | J5: Contact Status | K5: Priority | L5: Quote (R) | M5: Quote Sent? | N5: Notes / Action Required
A6: 1 | B6: Magotteaux (Pty) Ltd | C6: Gemiston | D6: Servicing Due | E6: Old Client | F6: Phone Call | G6: 46121 | H6: 46121 | I6: 0 | J6: Warm Lead | K6: High | M6: Yes | N6: We have received POP to start work today
A7: 2 | B7: Ailsa Holtzhausen | C7: Featherbrook | D7: Servicing Due | E7: Old Client | F7: Phone Call | G7: 46120 | H7: 46122 | I7: 1 | J7: Warm Lead | K7: High | M7: Yes | N7: We have received POP to start work 10/04/2026
A8: 3 | B8: Busiswe Mazibuko | C8: Honeydew | D8: Servicing Due | E8: Old Client | G8: 46121 | I8: – | J8: Warm Lead | K8: High | M8: Yes | N8: Awaiting POP client wants to secure booking for next week.
A9: 1 | B9: Rona Hogins | C9: Featherbrook Estate | D9: Servicing | E9: Old Client | G9: 46121 | I9: – | J9: No Answer | K9: High | N9: I have sent email for follow up
A10: 5 | B10: Conre Viljoen | C10: Hoogland & Fairland | D10: Servicing | E10: Old Client | G10: 46121 | H10: 46125 | I10: =IF(H10="","–",H10-TODAY()) -> -11 | J10: Warm Lead | K10: High | N10: Awaiting clients response
A11: 6 | I11: =IF(H11="","–",H11-TODAY()) -> –
A12: 7 | I12: =IF(H12="","–",H12-TODAY()) -> –
A13: 8 | I13: =IF(H13="","–",H13-TODAY()) -> –
A14: 9 | I14: =IF(H14="","–",H14-TODAY()) -> –
A15: 10 | I15: =IF(H15="","–",H15-TODAY()) -> –
A16: 11 | I16: =IF(H16="","–",H16-TODAY()) -> –
A17: 12 | I17: =IF(H17="","–",H17-TODAY()) -> –
A18: 13 | I18: =IF(H18="","–",H18-TODAY()) -> –
A19: 14 | I19: =IF(H19="","–",H19-TODAY()) -> –
A20: 15 | I20: =IF(H20="","–",H20-TODAY()) -> –
A21: 16 | I21: =IF(H21="","–",H21-TODAY()) -> –
A22: 17 | I22: =IF(H22="","–",H22-TODAY()) -> –
... A47: 42 | I47: =IF(H47="","–",H47-TODAY()) -> –
A48: EXECAIR (Pty) Ltd | Daily Enquiries & Follow-Up Tracker | April 2026 | Confidential

Sheet 13042026
A1: EXECAIR | Daily Enquiries & Follow-Up Tracker | April 2026
A2: 📅 Monday, 13 April 2026 | Use column filters ▼ to sort by status, area or type | L2: Tab: 13042026
A3: 🟢 Confirmed | D3: 🟡 Warm Lead | G3: 🔴 On Hold | J3: ⚫ No Answer | M3: 🔵 New Enquiry
A5: # | B5: Customer Name | C5: Area | D5: Type of Work | E5: How Found Us | F5: Enquiry Type | G5: Last Contact Date | H5: Next Follow-Up | I5: Days | J5: Contact Status | K5: Priority | L5: Quote (R) | M5: Quote Sent? | N5: Notes / Action Required
A6: 1 | I6: =IF(H6="","–",H6-TODAY()) -> –
A7: 2 | I7: =IF(H7="","–",H7-TODAY()) -> –
A8: 3 | I8: =IF(H8="","–",H8-TODAY()) -> –
A9: 4 | I9: =IF(H9="","–",H9-TODAY()) -> –
A10: 5 | I10: =IF(H10="","–",H10-TODAY()) -> –
A11: 6 | I11: =IF(H11="","–",H11-TODAY()) -> –
A12: 7 | I12: =IF(H12="","–",H12-TODAY()) -> –
A13: 8 | I13: =IF(H13="","–",H13-TODAY()) -> –
A14: 9 | I14: =IF(H14="","–",H14-TODAY()) -> –
A15: 10 | I15: =IF(H15="","–",H15-TODAY()) -> –
A16: 11 | I16: =IF(H16="","–",H16-TODAY()) -> –
A17: 12 | I17: =IF(H17="","–",H17-TODAY()) -> –
... A47: 42 | I47: =IF(H47="","–",H47-TODAY()) -> –
A48: EXECAIR (Pty) Ltd | Daily Enquiries & Follow-Up Tracker | April 2026 | Confidential

Sheet 10042026
A1: EXECAIR | Daily Enquiries & Follow-Up Tracker | April 2026
A2: 📅 Friday, 10 April 2026 | Use column filters ▼ to sort by status, area or type | L2: Tab: 10042026
A3: 🟢 Confirmed | D3: 🟡 Warm Lead | G3: 🔴 On Hold | J3: ⚫ No Answer | M3: 🔵 New Enquiry
A5: # | B5: Customer Name | C5: Area | D5: Type of Work | E5: How Found Us | F5: Enquiry Type | G5: Last Contact Date | H5: Next Follow-Up | I5: Days | J5: Contact Status | K5: Priority | L5: Quote (R) | M5: Quote Sent? | N5: Notes / Action Required
A6: 1 | B6: Cor Avion (Pty) Ltd | C6: Pretoria | D6: Servicing | E6: Old Client Service Due | F6: Follow Up Service | G6: 46122 | H6: 46142 | I6: =IF(H6="","–",H6-TODAY()) -> 6 | J6: Warm Lead | K6: High | M6: Yes | N6: Contacted client a few times , once I sent it on Whatsapp they called in and asked to update the quote to 3 units and they will do the services early next month.
A7: 2 | B7: Mechano Electrical | C7: Rustenburg | D7: Service | E7: Old Client Service Due | F7: Follow Up Service | I7: =IF(H7="","–",H7-TODAY()) -> – | N7: Client has send in quote as this is a tender we need to wait for feedback
A8: 3 | I8: =IF(H8="","–",H8-TODAY()) -> –
A9: 4 | I9: =IF(H9="","–",H9-TODAY()) -> –
A10: 5 | I10: =IF(H10="","–",H10-TODAY()) -> –
A11: 6 | I11: =IF(H11="","–",H11-TODAY()) -> –
A12: 7 | I12: =IF(H12="","–",H12-TODAY()) -> –
A13: 8 | I13: =IF(H13="","–",H13-TODAY()) -> –
A14: 9 | I14: =IF(H14="","–",H14-TODAY()) -> –
A15: 10 | I15: =IF(H15="","–",H15-TODAY()) -> –
A16: 11 | I16: =IF(H16="","–",H16-TODAY()) -> –
A17: 12 | I17: =IF(H17="","–",H17-TODAY()) -> –
A18: 13 | I18: =IF(H18="","–",H18-TODAY()) -> –
A19: 14 | I19: =IF(H19="","–",H19-TODAY()) -> –
... A47: 42 | I47: =IF(H47="","–",H47-TODAY()) -> –
A48: EXECAIR (Pty) Ltd | Daily Enquiries & Follow-Up Tracker | April 2026 | Confidential

Sheet 14042026
A1: EXECAIR | Daily Enquiries & Follow-Up Tracker | April 2026
A2: 📅 Tuesday, 14 April 2026 | Use column filters ▼ to sort by status, area or type | L2: Tab: 14042026
A3: 🟢 Confirmed | D3: 🟡 Warm Lead | G3: 🔴 On Hold | J3: ⚫ No Answer | M3: 🔵 New Enquiry
A5: # | B5: Customer Name | C5: Area | D5: Type of Work | E5: How Found Us | F5: Enquiry Type | G5: Last Contact Date | H5: Next Follow-Up | I5: Days | J5: Contact Status | K5: Priority | L5: Quote (R) | M5: Quote Sent? | N5: Notes / Action Required
A6: 1 | B6: Vuyo Maepe | C6: Centurion | D6: Install or Service | E6: Old Client | F6: Follow Up | G6: 46126 | H6: 46143 | I6: =IF(H6="","–",H6-TODAY()) -> 7 | J6: Warm Lead | K6: High | M6: No | N6: Client says she is awaiting funds for 2 more installs
A7: 2 | B7: Macmillan South Africa | C7: Melrose Arch | D7: Service | E7: Old Client | F7: Follow Up | G7: 46126 | H7: 46143 | I7: =IF(H7="","–",H7-TODAY()) -> 7 | J7: Warm Lead | K7: High | M7: No | N7: Need to follow up on 1 May 2026
A8: 3 | B8: Mashudu Madzanga | C8: Witpoortjie | D8: Service or Install | E8: Old Client | F8: Follow Up | G8: 46126 | I8: =IF(H8="","–",H8-TODAY()) -> – | J8: Warm Lead | K8: High | M8: Yes | N8: Awaiting client to give info on unit
A9: 4 | B9: Moreje Construction | D9: Re-Install | E9: New Client | F9: AC Online | G9: 46126 | I9: =IF(H9="","–",H9-TODAY()) -> – | J9: Warm Lead | K9: High | M9: Yes | N9: Quote has been sent awaiting clients feedback
A10: 5 | B10: Adendorff Makelaars | C10: Noordheuwel | D10: Service | E10: Old Client | F10: Follow Up | G10: 46126 | H10: 46156 | I10: =IF(H10="","–",H10-TODAY()) -> 20 | J10: Warm Lead | K10: High | M10: Yes | N10: Follow Up Next Month 14 May 2026
A11: 6 | B11: Malibu Lodge | C11: Pretoria Menlyn | D11: Install or Service | E11: Old Client | F11: Follow Up | G11: 46126 | H11: 46132 | I11: =IF(H11="","–",H11-TODAY()) -> -4 | J11: Warm Lead | K11: High | M11: No | N11: Awaiting Information from client regarding what they want to install
A12: 7 | B12: Marrais Basson - Yvonne | C12: Witbank | D12: Repair or Service | E12: Old Client | F12: Follow Up | G12: 46127 | I12: =IF(H12="","–",H12-TODAY()) -> – | J12: Warm Lead | K12: High | M12: No | N12: They do not need anything at the moment, they will contact us.
A13: 8 | I13: =IF(H13="","–",H13-TODAY()) -> –
A14: 9 | I14: =IF(H14="","–",H14-TODAY()) -> –
A15: 10 | I15: =IF(H15="","–",H15-TODAY()) -> –
A16: 11 | I16: =IF(H16="","–",H16-TODAY()) -> –
A17: 12 | I17: =IF(H17="","–",H17-TODAY()) -> –
A18: 13 | I18: =IF(H18="","–",H18-TODAY()) -> –
A19: 14 | I19: =IF(H19="","–",H19-TODAY()) -> –
A20: 15 | I20: =IF(H20="","–",H20-TODAY()) -> –
A21: 16 | I21: =IF(H21="","–",H21-TODAY()) -> –
A22: 17 | I22: =IF(H22="","–",H22-TODAY()) -> –
A23: 18 | I23: =IF(H23="","–",H23-TODAY()) -> –
A24: 19 | I24: =IF(H24="","–",H24-TODAY()) -> –
... A47: 42 | I47: =IF(H47="","–",H47-TODAY()) -> –
A48: EXECAIR (Pty) Ltd | Daily Enquiries & Follow-Up Tracker | April 2026 | Confidential

Sheet 15042026
A1: EXECAIR | Daily Enquiries & Follow-Up Tracker | April 2026
A2: 📅 Wednesday, 15 April 2026 | Use column filters ▼ to sort by status, area or type | L2: Tab: 15042026
A3: 🟢 Confirmed | D3: 🟡 Warm Lead | G3: 🔴 On Hold | J3: ⚫ No Answer | M3: 🔵 New Enquiry
A5: # | B5: Customer Name | C5: Area | D5: Type of Work | E5: How Found Us | F5: Enquiry Type | G5: Last Contact Date | H5: Next Follow-Up | I5: Days | J5: Contact Status | K5: Priority | L5: Quote (R) | M5: Quote Sent? | N5: Notes / Action Required
A6: 1 | I6: =IF(H6="","–",H6-TODAY()) -> –
A7: 2 | I7: =IF(H7="","–",H7-TODAY()) -> –
A8: 3 | I8: =IF(H8="","–",H8-TODAY()) -> –
A9: 4 | I9: =IF(H9="","–",H9-TODAY()) -> –
A10: 5 | I10: =IF(H10="","–",H10-TODAY()) -> –
A11: 6 | I11: =IF(H11="","–",H11-TODAY()) -> –
A12: 7 | I12: =IF(H12="","–",H12-TODAY()) -> –
A13: 8 | I13: =IF(H13="","–",H13-TODAY()) -> –
A14: 9 | I14: =IF(H14="","–",H14-TODAY()) -> –
A15: 10 | I15: =IF(H15="","–",H15-TODAY()) -> –
A16: 11 | I16: =IF(H16="","–",H16-TODAY()) -> –
A17: 12 | I17: =IF(H17="","–",H17-TODAY()) -> –
... A47: 42 | I47: =IF(H47="","–",H47-TODAY()) -> –
A48: EXECAIR (Pty) Ltd | Daily Enquiries & Follow-Up Tracker | April 2026 | Confidential

Sheet 16042026
A1: EXECAIR | Daily Enquiries & Follow-Up Tracker | April 2026
A2: 📅 Thursday, 16 April 2026 | Use column filters ▼ to sort by status, area or type | L2: Tab: 16042026
A3: 🟢 Confirmed | D3: 🟡 Warm Lead | G3: 🔴 On Hold | J3: ⚫ No Answer | M3: 🔵 New Enquiry
A5: # | B5: Customer Name | C5: Area | D5: Type of Work | E5: How Found Us | F5: Enquiry Type | G5: Last Contact Date | H5: Next Follow-Up | I5: Days | J5: Contact Status | K5: Priority | L5: Quote (R) | M5: Quote Sent? | N5: Notes / Action Required
A6: 1 | I6: =IF(H6="","–",H6-TODAY()) -> –
A7: 2 | I7: =IF(H7="","–",H7-TODAY()) -> –
A8: 3 | I8: =IF(H8="","–",H8-TODAY()) -> –
A9: 4 | I9: =IF(H9="","–",H9-TODAY()) -> –
A10: 5 | I10: =IF(H10="","–",H10-TODAY()) -> –
A11: 6 | I11: =IF(H11="","–",H11-TODAY()) -> –
A12: 7 | I12: =IF(H12="","–",H12-TODAY()) -> –
A13: 8 | I13: =IF(H13="","–",H13-TODAY()) -> –
A14: 9 | I14: =IF(H14="","–",H14-TODAY()) -> –
A15: 10 | I15: =IF(H15="","–",H15-TODAY()) -> –
A16: 11 | I16: =IF(H16="","–",H16-TODAY()) -> –
A17: 12 | I17: =IF(H17="","–",H17-TODAY()) -> –
... A47: 42 | I47: =IF(H47="","–",H47-TODAY()) -> –
A48: EXECAIR (Pty) Ltd | Daily Enquiries & Follow-Up Tracker | April 2026 | Confidential

Sheet 17042026
A1: EXECAIR | Daily Enquiries & Follow-Up Tracker | April 2026
A2: 📅 Friday, 17 April 2026 | Use column filters ▼ to sort by status, area or type | L2: Tab: 17042026
A3: 🟢 Confirmed | D3: 🟡 Warm Lead | G3: 🔴 On Hold | J3: ⚫ No Answer | M3: 🔵 New Enquiry
A5: # | B5: Customer Name | C5: Area | D5: Type of Work | E5: How Found Us | F5: Enquiry Type | G5: Last Contact Date | H5: Next Follow-Up | I5: Days | J5: Contact Status | K5: Priority | L5: Quote (R) | M5: Quote Sent? | N5: Notes / Action Required
A6: 1 | I6: =IF(H6="","–",H6-TODAY()) -> –
A7: 2 | I7: =IF(H7="","–",H7-TODAY()) -> –
A8: 3 | I8: =IF(H8="","–",H8-TODAY()) -> –
A9: 4 | I9: =IF(H9="","–",H9-TODAY()) -> –
A10: 5 | I10: =IF(H10="","–",H10-TODAY()) -> –
A11: 6 | I11: =IF(H11="","–",H11-TODAY()) -> –
A12: 7 | I12: =IF(H12="","–",H12-TODAY()) -> –
A13: 8 | I13: =IF(H13="","–",H13-TODAY()) -> –
A14: 9 | I14: =IF(H14="","–",H14-TODAY()) -> –
A15: 10 | I15: =IF(H15="","–",H15-TODAY()) -> –
A16: 11 | I16: =IF(H16="","–",H16-TODAY()) -> –
A17: 12 | I17: =IF(H17="","–",H17-TODAY()) -> –
... A47: 42 | I47: =IF(H47="","–",H47-TODAY()) -> –
A48: EXECAIR (Pty) Ltd | Daily Enquiries & Follow-Up Tracker | April 2026 | Confidential

Sheet 20042026
A1: EXECAIR | Daily Enquiries & Follow-Up Tracker | April 2026
A2: 📅 Monday, 20 April 2026 | Use column filters ▼ to sort by status, area or type | L2: Tab: 20042026
A3: 🟢 Confirmed | D3: 🟡 Warm Lead | G3: 🔴 On Hold | J3: ⚫ No Answer | M3: 🔵 New Enquiry
A5: # | B5: Customer Name | C5: Area | D5: Type of Work | E5: How Found Us | F5: Enquiry Type | G5: Last Contact Date | H5: Next Follow-Up | I5: Days | J5: Contact Status | K5: Priority | L5: Quote (R) | M5: Quote Sent? | N5: Notes / Action Required
A6: 1 | B6: Multi Fine Products | C6: Stromhill | D6: Service or Repairs | E6: Old Client | F6: Follow Up | G6: 46132 | H6: 46174 | I6: =IF(H6="","–",H6-TODAY()) -> 38 | J6: On Hold | K6: Medium | N6: Follow up 1st June
A7: 2 | I7: =IF(H7="","–",H7-TODAY()) -> –
A8: 3 | I8: =IF(H8="","–",H8-TODAY()) -> –
A9: 4 | I9: =IF(H9="","–",H9-TODAY()) -> –
A10: 5 | I10: =IF(H10="","–",H10-TODAY()) -> –
A11: 6 | I11: =IF(H11="","–",H11-TODAY()) -> –
A12: 7 | I12: =IF(H12="","–",H12-TODAY()) -> –
A13: 8 | I13: =IF(H13="","–",H13-TODAY()) -> –
A14: 9 | I14: =IF(H14="","–",H14-TODAY()) -> –
A15: 10 | I15: =IF(H15="","–",H15-TODAY()) -> –
A16: 11 | I16: =IF(H16="","–",H16-TODAY()) -> –
A17: 12 | I17: =IF(H17="","–",H17-TODAY()) -> –
A18: 13 | I18: =IF(H18="","–",H18-TODAY()) -> –
... A47: 42 | I47: =IF(H47="","–",H47-TODAY()) -> –
A48: EXECAIR (Pty) Ltd | Daily Enquiries & Follow-Up Tracker | April 2026 | Confidential

Sheet 21042026
A1: EXECAIR | Daily Enquiries & Follow-Up Tracker | April 2026
A2: 📅 Tuesday, 21 April 2026 | Use column filters ▼ to sort by status, area or type | L2: Tab: 21042026
A3: 🟢 Confirmed | D3: 🟡 Warm Lead | G3: 🔴 On Hold | J3: ⚫ No Answer | M3: 🔵 New Enquiry
A5: # | B5: Customer Name | C5: Area | D5: Type of Work | E5: How Found Us | F5: Enquiry Type | G5: Last Contact Date | H5: Next Follow-Up | I5: Days | J5: Contact Status | K5: Priority | L5: Quote (R) | M5: Quote Sent? | N5: Notes / Action Required
A6: 1 | B6: Mphedzi Mushiana | C6: Ruimsig | D6: Servicing | E6: Old Client | F6: Follow up | G6: 46133 | H6: 46173 | I6: =IF(H6="","–",H6-TODAY()) -> 37 | J6: Warm Lead | K6: High | N6: Need to follow up with client end May
A7: 2 | B7: My Place Self Storage | C7: Randfontein | D7: Servicing | E7: Old Client | F7: Follow up | G7: 46133 | H7: 46174 | I7: =IF(H7="","–",H7-TODAY()) -> 38 | J7: Warm Lead | K7: High | M7: Yes | N7: Awaiting client feedback
A8: 3 | I8: =IF(H8="","–",H8-TODAY()) -> –
A9: 4 | I9: =IF(H9="","–",H9-TODAY()) -> –
A10: 5 | I10: =IF(H10="","–",H10-TODAY()) -> –
A11: 6 | I11: =IF(H11="","–",H11-TODAY()) -> –
A12: 7 | I12: =IF(H12="","–",H12-TODAY()) -> –
A13: 8 | I13: =IF(H13="","–",H13-TODAY()) -> –
A14: 9 | I14: =IF(H14="","–",H14-TODAY()) -> –
A15: 10 | I15: =IF(H15="","–",H15-TODAY()) -> –
A16: 11 | I16: =IF(H16="","–",H16-TODAY()) -> –
A17: 12 | I17: =IF(H17="","–",H17-TODAY()) -> –
A18: 13 | I18: =IF(H18="","–",H18-TODAY()) -> –
A19: 14 | I19: =IF(H19="","–",H19-TODAY()) -> –
... A47: 42 | I47: =IF(H47="","–",H47-TODAY()) -> –
A48: EXECAIR (Pty) Ltd | Daily Enquiries & Follow-Up Tracker | April 2026 | Confidential

Sheet 22042026
A1: EXECAIR | Daily Enquiries & Follow-Up Tracker | April 2026
A2: 📅 Wednesday, 22 April 2026 | Use column filters ▼ to sort by status, area or type | L2: Tab: 22042026
A3: 🟢 Confirmed | D3: 🟡 Warm Lead | G3: 🔴 On Hold | J3: ⚫ No Answer | M3: 🔵 New Enquiry
A5: # | B5: Customer Name | C5: Area | D5: Type of Work | E5: How Found Us | F5: Enquiry Type | G5: Last Contact Date | H5: Next Follow-Up | I5: Days | J5: Contact Status | K5: Priority | L5: Quote (R) | M5: Quote Sent? | N5: Notes / Action Required
A6: 1 | B6: The Local Pharmacy | C6: Fairlands | D6: Service and Leak Test | F6: New Client | G6: 46134 | I6: =IF(H6="","–",H6-TODAY()) -> – | N6: Awaiting approval from Boss
A7: 2 | B7: Bianca Breedt | C7: Pretoria | D7: Removal and NEW Install | E7: JVW | F7: New Client | G7: 46134 | I7: =IF(H7="","–",H7-TODAY()) -> – | N7: Awaiting Approval
A8: 3 | B8: Herve & Amanda | C8: Bryanston | D8: New Install | E8: Follow up on older files | F8: New Client | G8: 46134 | I8: =IF(H8="","–",H8-TODAY()) -> – | N8: Awaiting Approval
A9: 4 | I9: =IF(H9="","–",H9-TODAY()) -> –
A10: 5 | I10: =IF(H10="","–",H10-TODAY()) -> –
A11: 6 | I11: =IF(H11="","–",H11-TODAY()) -> –
A12: 7 | I12: =IF(H12="","–",H12-TODAY()) -> –
A13: 8 | I13: =IF(H13="","–",H13-TODAY()) -> –
A14: 9 | I14: =IF(H14="","–",H14-TODAY()) -> –
A15: 10 | I15: =IF(H15="","–",H15-TODAY()) -> –
A16: 11 | I16: =IF(H16="","–",H16-TODAY()) -> –
A17: 12 | I17: =IF(H17="","–",H17-TODAY()) -> –
A18: 13 | I18: =IF(H18="","–",H18-TODAY()) -> –
A19: 14 | I19: =IF(H19="","–",H19-TODAY()) -> –
A20: 15 | I20: =IF(H20="","–",H20-TODAY()) -> –
... A47: 42 | I47: =IF(H47="","–",H47-TODAY()) -> –
A48: EXECAIR (Pty) Ltd | Daily Enquiries & Follow-Up Tracker | April 2026 | Confidential

Sheet 23042026
A1: EXECAIR | Daily Enquiries & Follow-Up Tracker | April 2026
A2: 📅 Thursday, 23 April 2026 | Use column filters ▼ to sort by status, area or type | L2: Tab: 23042026
A3: 🟢 Confirmed | D3: 🟡 Warm Lead | G3: 🔴 On Hold | J3: ⚫ No Answer | M3: 🔵 New Enquiry
A5: # | B5: Customer Name | C5: Area | D5: Type of Work | E5: How Found Us | F5: Enquiry Type | G5: Last Contact Date | H5: Next Follow-Up | I5: Days | J5: Contact Status | K5: Priority | L5: Quote (R) | M5: Quote Sent? | N5: Notes / Action Required
A6: 1 | B6: Midwest Properties | C6: Chamdor | D6: Servicing | E6: Old client | F6: Follow Up in File | G6: 46135 | H6: 46140 | I6: =IF(H6="","–",H6-TODAY()) -> 4 | J6: Warm Lead | K6: High | M6: Yes | N6: Awaiting clients Approval from Directors
A7: 2 | B7: Peter Michalczyk | C7: Helderfontein Residential Estate | D7: Servicing | E7: Old client | F7: Follow Up in File | G7: 46135 | H7: 46140 | I7: =IF(H7="","–",H7-TODAY()) -> 4 | J7: Warm Lead | K7: High | M7: Yes | N7: Awaiting clients Approval
A8: 3 | B8: Peet Botha/Sula Sula Exports | C8: Krugersdorp | D8: Fault Finding | E8: Old Client | F8: Client Called In | G8: 46135 | H8: 46140 | I8: =IF(H8="","–",H8-TODAY()) -> 4 | J8: Warm Lead | K8: High | M8: Yes | N8: Awaiting Clients Approval
A9: 4 | B9: Mirco SA | C9: Bryanston | D9: Servicing | E9: Old client | F9: Follow Up in File | G9: 46135 | H9: 46140 | I9: =IF(H9="","–",H9-TODAY()) -> 4 | J9: No Answer | K9: High | N9: Trying to get ahold of someone to contact
A10: 5 | I10: =IF(H10="","–",H10-TODAY()) -> –
A11: 6 | I11: =IF(H11="","–",H11-TODAY()) -> –
A12: 7 | I12: =IF(H12="","–",H12-TODAY()) -> –
A13: 8 | I13: =IF(H13="","–",H13-TODAY()) -> –
A14: 9 | I14: =IF(H14="","–",H14-TODAY()) -> –
A15: 10 | I15: =IF(H15="","–",H15-TODAY()) -> –
A16: 11 | I16: =IF(H16="","–",H16-TODAY()) -> –
A17: 12 | I17: =IF(H17="","–",H17-TODAY()) -> –
A18: 13 | I18: =IF(H18="","–",H18-TODAY()) -> –
A19: 14 | I19: =IF(H19="","–",H19-TODAY()) -> –
A20: 15 | I20: =IF(H20="","–",H20-TODAY()) -> –
A21: 16 | I21: =IF(H21="","–",H21-TODAY()) -> –
... A47: 42 | I47: =IF(H47="","–",H47-TODAY()) -> –
A48: EXECAIR (Pty) Ltd | Daily Enquiries & Follow-Up Tracker | April 2026 | Confidential

Sheet 24042026
A1: EXECAIR | Daily Enquiries & Follow-Up Tracker | April 2026
A2: 📅 Friday, 24 April 2026 | Use column filters ▼ to sort by status, area or type | L2: Tab: 24042026
A3: 🟢 Confirmed | D3: 🟡 Warm Lead | G3: 🔴 On Hold | J3: ⚫ No Answer | M3: 🔵 New Enquiry
A5: # | B5: Customer Name | C5: Area | D5: Type of Work | E5: How Found Us | F5: Enquiry Type | G5: Last Contact Date | H5: Next Follow-Up | I5: Days | J5: Contact Status | K5: Priority | L5: Quote (R) | M5: Quote Sent? | N5: Notes / Action Required
A6: 1 | I6: =IF(H6="","–",H6-TODAY()) -> –
A7: 2 | I7: =IF(H7="","–",H7-TODAY()) -> –
A8: 3 | I8: =IF(H8="","–",H8-TODAY()) -> –
A9: 4 | I9: =IF(H9="","–",H9-TODAY()) -> –
A10: 5 | I10: =IF(H10="","–",H10-TODAY()) -> –
A11: 6 | I11: =IF(H11="","–",H11-TODAY()) -> –
A12: 7 | I12: =IF(H12="","–",H12-TODAY()) -> –
A13: 8 | I13: =IF(H13="","–",H13-TODAY()) -> –
A14: 9 | I14: =IF(H14="","–",H14-TODAY()) -> –
A15: 10 | I15: =IF(H15="","–",H15-TODAY()) -> –
A16: 11 | I16: =IF(H16="","–",H16-TODAY()) -> –
A17: 12 | I17: =IF(H17="","–",H17-TODAY()) -> –
... A47: 42 | I47: =IF(H47="","–",H47-TODAY()) -> –
A48: EXECAIR (Pty) Ltd | Daily Enquiries & Follow-Up Tracker | April 2026 | Confidential

Sheet 27042026
A1: EXECAIR | Daily Enquiries & Follow-Up Tracker | April 2026
A2: 📅 Monday, 27 April 2026 | Use column filters ▼ to sort by status, area or type | L2: Tab: 27042026
A3: 🟢 Confirmed | D3: 🟡 Warm Lead | G3: 🔴 On Hold | J3: ⚫ No Answer | M3: 🔵 New Enquiry
A5: # | B5: Customer Name | C5: Area | D5: Type of Work | E5: How Found Us | F5: Enquiry Type | G5: Last Contact Date | H5: Next Follow-Up | I5: Days | J5: Contact Status | K5: Priority | L5: Quote (R) | M5: Quote Sent? | N5: Notes / Action Required
A6: 1 | I6: =IF(H6="","–",H6-TODAY()) -> –
A7: 2 | I7: =IF(H7="","–",H7-TODAY()) -> –
A8: 3 | I8: =IF(H8="","–",H8-TODAY()) -> –
A9: 4 | I9: =IF(H9="","–",H9-TODAY()) -> –
A10: 5 | I10: =IF(H10="","–",H10-TODAY()) -> –
A11: 6 | I11: =IF(H11="","–",H11-TODAY()) -> –
A12: 7 | I12: =IF(H12="","–",H12-TODAY()) -> –
A13: 8 | I13: =IF(H13="","–",H13-TODAY()) -> –
A14: 9 | I14: =IF(H14="","–",H14-TODAY()) -> –
A15: 10 | I15: =IF(H15="","–",H15-TODAY()) -> –
A16: 11 | I16: =IF(H16="","–",H16-TODAY()) -> –
A17: 12 | I17: =IF(H17="","–",H17-TODAY()) -> –
... A47: 42 | I47: =IF(H47="","–",H47-TODAY()) -> –
A48: EXECAIR (Pty) Ltd | Daily Enquiries & Follow-Up Tracker | April 2026 | Confidential

Sheet 28042026
A1: EXECAIR | Daily Enquiries & Follow-Up Tracker | April 2026
A2: 📅 Tuesday, 28 April 2026 | Use column filters ▼ to sort by status, area or type | L2: Tab: 28042026
A3: 🟢 Confirmed | D3: 🟡 Warm Lead | G3: 🔴 On Hold | J3: ⚫ No Answer | M3: 🔵 New Enquiry
A5: # | B5: Customer Name | C5: Area | D5: Type of Work | E5: How Found Us | F5: Enquiry Type | G5: Last Contact Date | H5: Next Follow-Up | I5: Days | J5: Contact Status | K5: Priority | L5: Quote (R) | M5: Quote Sent? | N5: Notes / Action Required
A6: 1 | I6: =IF(H6="","–",H6-TODAY()) -> –
A7: 2 | I7: =IF(H7="","–",H7-TODAY()) -> –
A8: 3 | I8: =IF(H8="","–",H8-TODAY()) -> –
A9: 4 | I9: =IF(H9="","–",H9-TODAY()) -> –
A10: 5 | I10: =IF(H10="","–",H10-TODAY()) -> –
A11: 6 | I11: =IF(H11="","–",H11-TODAY()) -> –
A12: 7 | I12: =IF(H12="","–",H12-TODAY()) -> –
A13: 8 | I13: =IF(H13="","–",H13-TODAY()) -> –
A14: 9 | I14: =IF(H14="","–",H14-TODAY()) -> –
A15: 10 | I15: =IF(H15="","–",H15-TODAY()) -> –
A16: 11 | I16: =IF(H16="","–",H16-TODAY()) -> –
A17: 12 | I17: =IF(H17="","–",H17-TODAY()) -> –
... A47: 42 | I47: =IF(H47="","–",H47-TODAY()) -> –
A48: EXECAIR (Pty) Ltd | Daily Enquiries & Follow-Up Tracker | April 2026 | Confidential

Sheet 29042026
A1: EXECAIR | Daily Enquiries & Follow-Up Tracker | April 2026
A2: 📅 Wednesday, 29 April 2026 | Use column filters ▼ to sort by status, area or type | L2: Tab: 29042026
A3: 🟢 Confirmed | D3: 🟡 Warm Lead | G3: 🔴 On Hold | J3: ⚫ No Answer | M3: 🔵 New Enquiry
A5: # | B5: Customer Name | C5: Area | D5: Type of Work | E5: How Found Us | F5: Enquiry Type | G5: Last Contact Date | H5: Next Follow-Up | I5: Days | J5: Contact Status | K5: Priority | L5: Quote (R) | M5: Quote Sent? | N5: Notes / Action Required
A6: 1 | I6: =IF(H6="","–",H6-TODAY()) -> –
A7: 2 | I7: =IF(H7="","–",H7-TODAY()) -> –
A8: 3 | I8: =IF(H8="","–",H8-TODAY()) -> –
A9: 4 | I9: =IF(H9="","–",H9-TODAY()) -> –
A10: 5 | I10: =IF(H10="","–",H10-TODAY()) -> –
A11: 6 | I11: =IF(H11="","–",H11-TODAY()) -> –
A12: 7 | I12: =IF(H12="","–",H12-TODAY()) -> –
A13: 8 | I13: =IF(H13="","–",H13-TODAY()) -> –
A14: 9 | I14: =IF(H14="","–",H14-TODAY()) -> –
A15: 10 | I15: =IF(H15="","–",H15-TODAY()) -> –
A16: 11 | I16: =IF(H16="","–",H16-TODAY()) -> –
A17: 12 | I17: =IF(H17="","–",H17-TODAY()) -> –
... A47: 42 | I47: =IF(H47="","–",H47-TODAY()) -> –
A48: EXECAIR (Pty) Ltd | Daily Enquiries & Follow-Up Tracker | April 2026 | Confidential

Sheet 30042026
A1: EXECAIR | Daily Enquiries & Follow-Up Tracker | April 2026
A2: 📅 Thursday, 30 April 2026 | Use column filters ▼ to sort by status, area or type | L2: Tab: 30042026
A3: 🟢 Confirmed | D3: 🟡 Warm Lead | G3: 🔴 On Hold | J3: ⚫ No Answer | M3: 🔵 New Enquiry
A5: # | B5: Customer Name | C5: Area | D5: Type of Work | E5: How Found Us | F5: Enquiry Type | G5: Last Contact Date | H5: Next Follow-Up | I5: Days | J5: Contact Status | K5: Priority | L5: Quote (R) | M5: Quote Sent? | N5: Notes / Action Required
A6: 1 | I6: =IF(H6="","–",H6-TODAY()) -> –
A7: 2 | I7: =IF(H7="","–",H7-TODAY()) -> –
A8: 3 | I8: =IF(H8="","–",H8-TODAY()) -> –
A9: 4 | I9: =IF(H9="","–",H9-TODAY()) -> –
A10: 5 | I10: =IF(H10="","–",H10-TODAY()) -> –
A11: 6 | I11: =IF(H11="","–",H11-TODAY()) -> –
A12: 7 | I12: =IF(H12="","–",H12-TODAY()) -> –
A13: 8 | I13: =IF(H13="","–",H13-TODAY()) -> –
A14: 9 | I14: =IF(H14="","–",H14-TODAY()) -> –
A15: 10 | I15: =IF(H15="","–",H15-TODAY()) -> –
A16: 11 | I16: =IF(H16="","–",H16-TODAY()) -> –
A17: 12 | I17: =IF(H17="","–",H17-TODAY()) -> –
... A47: 42 | I47: =IF(H47="","–",H47-TODAY()) -> –
A48: EXECAIR (Pty) Ltd | Daily Enquiries & Follow-Up Tracker | April 2026 | Confidential

Sheet ℹ️ How To Use
A1: EXECAIR | How To Use This Tracker
B3: COLUMN | C3: DESCRIPTION / HOW TO USE
B4: # | C4: Row number – auto filled
B5: Customer Name | C5: Company or individual contact name
B6: Area | C6: Suburb / area of the client
B7: Type of Work | C7: Free text – describe the job scope
B8: How Found Us | C8: Referral, Google, Existing Client, Long Existing Client, etc.
B9: Enquiry Type | C9: New or Follow Up
B10: Last Contact Date | C10: Update every time you call or email
B11: Next Follow-Up | C11: Enter the date for your next call/visit
B12: Days Until Follow-Up | C12: AUTO-CALCULATED – red=overdue, amber=within 7 days, green=OK
B13: Contact Status | C13: Dropdown: Warm Lead / Confirmed / On Hold / No Answer / New Enquiry / Lost
B14: Priority | C14: Dropdown: High / Medium / Low
... B24: 💡 TIP | C24: Start each morning on today's tab – add new enquiries as they come in
